UC,Scenario,Severity,Control,Finding,Recommendation,Status,Source Scope,Comment,Date
UC0,Audit · 16 Jun 08:21,P3 Medium,Clock Synchronization (8.17),Control requirements for 8.17 Clock Synchronization are completely missing from the policy document.,Implement a policy and procedure for clock synchronization across all relevant systems to ensure accurate timekeeping.,Non-Compliant,aa audit evidence samples.zip,,16 Jun 2026
UC0,Audit · 16 Jun 08:21,P3 Medium,Monitoring Activities (8.16),Control requirements for 8.16 Monitoring Activities are completely missing from the policy document.,Implement a comprehensive monitoring program that includes the collection and analysis of system alerts for anomalous behavior.,Non-Compliant,aa audit evidence samples.zip,,16 Jun 2026
UC0,Audit · 16 Jun 08:21,P3 Medium,Logging (8.15),,"Establish, document, and implement procedures to satisfy 8.15 (Logging).",Compliant,aa audit evidence samples.zip/aa audit evidence samples/122_Fraud_Analytics_Policy_API_Auth.docx,,16 Jun 2026
UC0,Audit · 16 Jun 08:21,P3 Medium,Secure Authentication (8.5),,"Establish, document, and implement procedures to satisfy 8.5 (Secure Authentication).",Compliant,aa audit evidence samples.zip/aa audit evidence samples/10 -Multi-factor authentication operator.docx,,16 Jun 2026
UC0,Audit · 16 Jun 08:21,P3 Medium,Privileged Access Rights (8.2),Control requirements for 8.2 Privileged Access Rights are completely missing from the policy document.,Implement a process for regularly reviewing and restricting the use of privileged access rights to ensure they are only granted to authorized personnel.,Non-Compliant,aa audit evidence samples.zip,,16 Jun 2026
UC0,Audit · 16 Jun 08:21,P3 Medium,Access Rights (5.18),Control requirements for 5.18 Access Rights are completely missing from the policy document.,Establish a process for regular review and modification of user access rights to ensure they are appropriate and up-to-date.,Non-Compliant,aa audit evidence samples.zip,,16 Jun 2026
UC0,Audit · 16 Jun 08:21,P3 Medium,Authentication Information (5.17),Control requirements for 5.17 Authentication Information are completely missing from the policy document.,"Develop and implement a comprehensive procedure for managing and allocating authentication information (passwords, keys) to ensure secure access control.",Non-Compliant,aa audit evidence samples.zip,,16 Jun 2026
UC0,Audit · 16 Jun 08:21,P3 Medium,Access Control (5.15),Control requirements for 5.15 Access Control are completely missing from the policy document.,Develop and implement an Access Control Policy that outlines the rules and procedures for controlling physical and logical access to information assets.,Non-Compliant,aa audit evidence samples.zip,,16 Jun 2026
UC0,Audit · 16 Jun 08:21,P3 Medium,Policies for Information Security (5.1),,"Establish, document, and implement procedures to satisfy 5.1 (Policies for Information Security).",Compliant,aa audit evidence samples.zip/aa audit evidence samples/122_Fraud_Analytics_Policy_API_Auth.docx,,16 Jun 2026
